product_description,product_review,number_reviwes,price
"Hp Victus Gaming Laptop 15-fa1082wm - 13th Intel Core i5-13420H, NVIDIA GeForce RTX 4050 6GB GDDR6 Graphics, 16GB RAM, 512GB SSD, 15.6"" FHD (1920x1080) 144 Hz IPS, Backlit, Windows 11 - Mica Silver",4.5 out of 5 stars,97,"40,650"
"Hp Victus Gaming Laptop 15-fa1082wm - 13th Intel Core i5-13420H, NVIDIA GeForce RTX 4050 6GB GDDR6 Graphics, 16GB RAM, 512GB SSD, 15.6"" FHD (1920x1080) 144 Hz IPS, Backlit, Windows 11 - Mica Silver",4.5 out of 5 stars,97,"40,650"
"HP Victus Gaming Laptop 12th Gen Intel 8-Core i5-12450H, 8GB RAM, 512GB SSD, 4GB NVIDIA GeForce RTX 3050, 15.6” FHD (1920 x 1080) 144Hz, Windows 11 Home",5.0 out of 5 stars,4,"30,849"
"Lenovo LOQ 15ARP9 Gaming Laptop - Ryzen 5 7235HS, AI Chip: LA1, NVIDIA GeForce RTX 3050 6GB GDDR6 Graphics, 12GB DDR5 RAM, 512GB SSD, 15.6"" FHD (1920x1080) IPS 300nits 100% sRGB 144Hz G-SYNC, Win 11",3.9 out of 5 stars,6,"35,999"
"Hp Victus 15-fa1041ne Gaming Laptop - 13th Intel i5-13500H 12-Cores, 6GB GDDR6 NVIDIA GeForce RTX 3050 Graphics, 8GB RAM, 512GB SSD, 15.6"" FHD (1920x1080) 144Hz IPS, Backlit Keyboard, Performance Blue",4.4 out of 5 stars,108,"38,700"
"Lenovo Legion Pro 5-13th i7-13700HX-16Cores, 32GB DDR5, 1TB SSD, NVIDIA GeForce RTX 4060 8GB GDDR6 Graphics, 16"" WQXGA (2560x1600) IPS 500nits 100sRGB 240Hz,AI Chip:LA1, 2 Years warranty, Aluminum Top",3.9 out of 5 stars,210,"78,550"
"Lenovo LOQ 15IRX9 Gaming Laptop - 13th Intel Core i7-13650HX, 16GB DDR5 RAM, 1TB SSD, AI Chip: LA1, NVIDIA GeForce RTX 3050 6GB GDDR6 Graphics, 15.6"" FHD (1920x1080) IPS 144Hz 100% sRGB, Win 11",4.5 out of 5 stars,2,"46,950"
"Hp Victus 15-fa1038ne Gaming Laptop - 13th Intel i7-13700H 14-Cores, 6GB GDDR6 NVIDIA GeForce RTX 3050 Graphics, 8GB RAM, 512GB SSD, 15.6"" FHD (1920x1080) 144Hz IPS, Backlit Keyboard, Performance Blue",3.9 out of 5 stars,7,"46,300"
"Lenovo Legion 7 Gaming Laptop, 16"" WQXGA 165Hz HDR, AMD Ryzen 9 5900HX, 32GB (2x16GB) RAM, 1TB SSD, NVIDIA RTX 3080_16GB, Windows 11, Per-Key RGB Keyboard, Storm Grey – Peak Gaming Performance",2.4 out of 5 stars,10,"66,550"
"HP Victus Gaming Laptop (15-fa1008ne), CPU: Core i7-13700H, 16GB DDR4 2DM 3200 Graphics Card: Nvidia GeForce RTX 3050, VRAM: 6GB, Display: 15.6 FHD IPS 250 nits 144Hz Narrow Border, 512GB, Windows 11",1.0 out of 5 stars,1,"58,000"
"Lenovo LOQ 15IRX9 Gaming - Intel Core i7-13650HX, AI Chip: LA1, 24GB DDR5 RAM, 512GB SSD, NVIDIA GeForce RTX 4050 6GB GDDR6 Graphics, 15.6"" FHD (1920x1080) IPS 144Hz 100% sRGB, Backlit - Luna Grey",غير متوفر,غير متوفر,"54,400"
"HP Victus 16-r0043ne Gaming Laptop - 13th i7-13700H 14-Cores, 16 GB DDR5-5200 MHz RAM, 1TB SSD, 16.1"" FHD (1920X1080) 144 Hz IPS, NVIDIA GeForce RTX 4060 8GB GDDR6 Graphics, Backlit Keyboard - Blue",غير متوفر,غير متوفر,"59,450"
"Lenovo Legion 5 15ACH6 Gaming Laptop - Ryzen 5-5600H, 16 GB RAM, 512 GB SSD, NVIDIA GeForce RTX 3050 Ti 4GB GDDR6 Graphics, 15.6"" FHD (1920x1080) IPS 120Hz, Backlit Keyboard, WIN 11",3.4 out of 5 stars,14,"37,600"
"LENOVO LOQ Gaming Laptop 15IAX9 Core I5 12450HX 12GB - 4800, 512SSD, RTX3050 6GB, 15.6"" FHD- 144Hz- 300 nits- Backlit Keyboard - Grey- 83GS001CUS Win11",4.6 out of 5 stars,16,"34,599"
"Lenovo LOQ 15IAX9E (Essential) Gaming - Intel Core i5-12450HX, NVIDIA GeForce RTX 2050 4GB GDDR6 Graphics, 16GB DDR5 RAM, 512GB SSD, 15.6"" FHD (1920x1080) IPS 300nits 100% sRGB 144Hz, Mouse//2 Years//",غير متوفر,غير متوفر,"29,999"
"Lenovo LOQ 15IRX9 Gaming - 14th i7-14700HX 20 Cores, AI Chip: LA1, NVIDIA GeForce RTX 4060 8GB GDDR6 Graphics, 16GB DDR5-5600 RAM, 1TB SSD, 15.6"" FHD (1920x1080) IPS 300nits 144Hz 100% sRGB //2 Years/",5.0 out of 5 stars,3,"63,299"
"Lenovo LOQ 15IAX9 Gaming Laptop- Intel Core i5-12450HX, AI Chip: LA1, 4GB GDDR6 NVIDIA GeForce RTX2050, 16GB DDR5 RAM, 512GB SSD, 15.6"" FHD (1920x1080) IPS 100% sRGB 144Hz, RGB Mouse",5.0 out of 5 stars,2,"35,900"
"HP Victus 15-fb2082wm Gaming Laptop - Ryzen 5 8645HS Latest Generation, 8GB RAM DDR5-5600 MHz, 512GB SSD, NVIDIA GeForce RTX 4050 6GB GDDR6 Graphics, 15.6"" FHD IPS 144Hz, Backlit Keyboard, Win11",3.7 out of 5 stars,55,"38,099"
"HP Victus 15 Gaming Laptop - 12th i5-12450H 8-Cores, 16GB RAM, 512GB SSD, Nvidia GeForce RTX 3050 4GB GDDR6 Graphics, 15.6"" FHD (1920x1080) IPS 144Hz, Backlit, Windows 11 - Performance Blue",5.0 out of 5 stars,1,"35,401"
"HP OMEN 16-k0033dx Gaming Laptop - 12th Intel Core i9-12900H, 16GB DDR5 RAM, 1TB SSD, 16.1"" QHD (2560x1440) 165 Hz IPS 300 nits, NVIDIA GeForce RTX 3060 6GB GDDR6 Graphics, 4Z RGB backlit, Windows 11",3.7 out of 5 stars,10,"67,950"
"Lenovo LOQ 15IRX9 Gaming - Intel Core i7-13650HX, AI Chip: LA1, 24GB DDR5 RAM, 512GB SSD, NVIDIA GeForce RTX 4060 8GB GDDR6 Graphics, 15.6"" FHD (1920x1080) IPS 144Hz 100% sRGB, Backlit - Luna Grey",غير متوفر,غير متوفر,"57,950"
"Lenovo LOQ 15IAX9E (Essential) Gaming - Intel Core i5-12450HX, NVIDIA GeForce RTX 3050 6GB GDDR6 Graphics, 16GB DDR5 RAM, 512GB SSD, 15.6"" FHD (1920x1080) IPS 300nits 100% sRGB 144Hz, Mouse//2 Years//",غير متوفر,غير متوفر,"36,299"
"Hp Victus Gaming Laptop - 13th Intel i5-13420H 8-Cores, 6GB GDDR6 NVIDIA GeForce RTX 3050 Graphics, 8GB RAM, 512GB SSD, 15.6"" FHD (1920x1080) 144 Hz IPS, Backlit Keyboard, Windows 11, Blue",4.1 out of 5 stars,5,"35,371"
"HP 255 G8 Laptop - AMD Ryzen 5 5500U up to 4.0 GHz 8 MB cache 6 cores, 8GB RAM, 256GB SSD, AMD Radeon Graphics, 15.6"" FHD (1920X1080) 250 nits Antiglare, Dos - Silver",5.0 out of 5 stars,3,"19,000"
"Hp Victus 16-r0022ne Gaming Laptop - 13th Intel i5-13500H 12-Cores, 6GB GDDR6 NVIDIA GeForce RTX 4050 Graphics, 16GB DDR5-5200 RAM, 512GB SSD, 16.1"" FHD (1920x1080) 144 Hz IPS, Backlit - Mica Silver",4.2 out of 5 stars,18,"48,950"
