title,duration,views,posted
"3 Hours Chopin - Classical Music For Relaxation, Studying and Focus",3:00:57,10K views,1 day ago
Pavel Chesnokov - Sacred Compositions | Choral Music,1:04:08,6.2K views,4 days ago
a classical music playlist for a prince building his empire,2:50:44,9.5K views,6 days ago
"Classical Summer – Vivaldi, Bizet, Händel | Classical Music For Summer",,15K views,8 days ago
Essential Bizet - Classical Music Gems,,13K views,10 days ago
"Classical Calm Music For Pentecost – Bach, Rachmaninoff, Arvo Pärt...",,6.3K views,13 days ago
Classical Music to Stop Overthinking,,53K views,2 weeks ago
"3 Hours Classical Music for Relaxation - Debussy, Mozart, Beethoven...",,15K views,2 weeks ago
"Classical Blue Hours - Classical Music For Relaxation | Mozart, Grieg, Satie...",,14K views,3 weeks ago
"Classical Music That SLAPS - Vivaldi, Prokofiev, Mozart, Brahms...",,10K views,3 weeks ago
Classical Baroque - Essential Classical Music,,24K views,3 weeks ago
Classical Organ - Essential Classical Music,,31K views,4 weeks ago
Mozart – Classical Music to Boost Brain Power ✨🧠,,5.2K views,1 month ago
"30 Most Beautiful Adagios - Rachmaninoff, Mozart, Bach...",,223K views,1 month ago
Slow Living - Classical Music for Relaxation and Meditation,,155K views,1 month ago
Deep Focus - Classical Music for Thinking,,75K views,1 month ago
"Classical Music for Late Night Studies - Chopin, Bach, Debussy...",,14K views,1 month ago
"Classical Music But HARD - Vivaldi, Mozart, Beethoven... 💥",,56K views,1 month ago
"Quiet Mornings - Classical Music for Relaxation | Bach, Schubert, Mozart...",,583K views,1 month ago
Best of Verdi - Essential Classical Music,,8.1K views,1 month ago
4 Hours Beethoven - Classical Music Gems | Beethoven Essentials,,9.5K views,1 month ago
Classical Ballet Highlights - Adolphe Adam & Léo Delibes,,5.2K views,1 month ago
that's why Tchaikovsky is the BEST Russian composer | Essential Classical Music,,49K views,1 month ago
a playlist for those born in the wrong century | classical music,,21K views,1 month ago
"Classical Countryside - Mozart, Bach, Beethoven...",,14K views,2 months ago
Best of Chopin - Essential Classical Music,,37K views,2 months ago
4 Hours Mozart - Mozart's Greatest Works | Classical Music Gems,,31K views,2 months ago
Rachmaninoff’s Spiritual Masterpiece – All-Night Vigil (Choir Classical Music),,7.6K views,2 months ago
Classical Music is NOT Boring (Vol. 2) 🎻🔥,,12K views,2 months ago
Ghibli Classical - Classical Music for Ghibli Lovers 🌙,,12K views,2 months ago
