title,info,price,save
Apple iPhone 16 Pro Max,256 GB Natural Titanium 5G Apple A18 Pro,"SR
4,346.96","Save:
SR
700"
Apple iPhone 16 Pro,256 GB Black Titanium 5G Apple A18 Pro,"SR
3,999.13","Save:
SR
600"
Apple iPhone 16 Pro Max,512 GB Natural Titanium 5G Apple A18 Pro,"SR
5,303.48","Save:
SR
600"
Apple iPhone 16 Pro,512 GB Desert Titanium 5G Apple A18 Pro,"SR
4,868.7","Save:
SR
600"
Apple iPhone 16 Pro Max,256 GB Black Titanium 5G Apple A18 Pro,"SR
4,346.96","Save:
SR
700"
Apple iPhone 16 Pro,128 GB White Titanium 5G Apple A18 Pro,"SR
3,564.35","Save:
SR
600"
Apple iPhone 16 Pro Max,512 GB Black Titanium 5G Apple A18 Pro,"SR
5,303.48","Save:
SR
600"
Apple iPhone 16 Pro Max,512 GB White Titanium 5G Apple A18 Pro,"SR
5,303.48","Save:
SR
600"
Apple iPhone 16 Pro,512 GB Black Titanium 5G Apple A18 Pro,"SR
4,868.7","Save:
SR
600"
Apple iPhone 16 Pro Max,1 TB Black Titanium 5G Apple A18 Pro,"SR
6,173.04","Save:
SR
600"
Apple iPhone 16 Pro,1 TB White Titanium 5G Apple A18 Pro,"SR
5,738.26","Save:
SR
600"
Apple iPhone 16 Pro,128 GB Desert Titanium 5G Apple A18 Pro,"SR
3,564.35","Save:
SR
600"
Apple iPhone 16 Pro Max,1 TB Desert Titanium 5G Apple A18 Pro,"SR
6,173.04","Save:
SR
600"
Apple iPhone 16 Pro Max,1 TB Natural Titanium 5G Apple A18 Pro,"SR
6,173.04","Save:
SR
600"
Apple iPhone 16 Pro,1 TB Natural Titanium 5G Apple A18 Pro,"SR
5,738.26","Save:
SR
600"
Apple iPhone 16 Pro,128 GB Black Titanium 5G Apple A18 Pro,"SR
3,564.35","Save:
SR
600"
Apple iPhone 16 Pro Max,256 GB White Titanium 5G Apple A18 Pro,"SR
4,346.96","Save:
SR
700"
Apple iPhone 16 Pro,256 GB White Titanium 5G Apple A18 Pro,"SR
3,999.13","Save:
SR
600"
Apple iPhone 16 Pro Max,512 GB Desert Titanium 5G Apple A18 Pro,"SR
5,303.48","Save:
SR
600"
Apple iPhone 16 Pro Max,1 TB White Titanium 5G Apple A18 Pro,"SR
6,173.04","Save:
SR
600"
Apple iPhone 16 Pro,1 TB Black Titanium 5G Apple A18 Pro,"SR
5,738.26","Save:
SR
600"
Apple iPhone 16 Pro Max,256 GB Desert Titanium 5G Apple A18 Pro,"SR
4,346.96","Save:
SR
700"
Apple iPhone 16 Pro,128 GB Natural Titanium 5G Apple A18 Pro,"SR
3,564.35","Save:
SR
600"
Apple iPhone 16 Pro,256 GB Desert Titanium 5G Apple A18 Pro,"SR
3,999.13","Save:
SR
600"
Apple iPhone 16 Pro,256 GB Natural Titanium 5G Apple A18 Pro,"SR
3,999.13","Save:
SR
600"
Apple iPhone 16 Pro,512 GB White Titanium 5G Apple A18 Pro,"SR
4,868.7","Save:
SR
600"
Apple iPhone 16 Pro,512 GB Natural Titanium 5G Apple A18 Pro,"SR
4,868.7","Save:
SR
600"
Apple iPhone 16 Pro,1 TB Desert Titanium 5G Apple A18 Pro,"SR
5,738.26","Save:
SR
600"
Apple iPhone 14,128 GB Blue 5G Apple A15 Bionic,"SR
1,912.17","Save:
SR
600"
Apple iPhone 15,128 GB Black 5G Apple A16 Bionic,"SR
2,346.96","Save:
SR
600"
Apple iPhone 15,128 GB Blue 5G Apple A16 Bionic,"SR
2,346.96","Save:
SR
600"
Apple iPhone 14,128 GB Midnight 5G Apple A15 Bionic,"SR
1,912.17","Save:
SR
600"
Apple iPhone 15 Plus,128 GB Pink 5G Apple A16 Bionic,"SR
2,781.74","Save:
SR
600"
Apple iPhone 14,128 GB Starlight 5G Apple A15 Bionic,"SR
1,912.17","Save:
SR
600"
Apple iPhone 14,256 GB Blue 5G Apple A15 Bionic,"SR
2,346.96","Save:
SR
600"
Apple iPhone 15 Plus,128 GB Blue 5G Apple A16 Bionic,"SR
2,781.74","Save:
SR
600"
Apple iPhone 16,128 GB Pink 5G Apple A18,"SR
2,781.74","Save:
SR
600"
Apple iPhone 16,128 GB Ultramarine 5G Apple A18,"SR
2,781.74","Save:
SR
600"
Apple iPhone 15 Plus,128 GB Black 5G Apple A16 Bionic,"SR
2,781.74","Save:
SR
600"
Apple iPhone 15 Plus,256 GB Pink 5G Apple A16 Bionic,"SR
3,216.52","Save:
SR
600"
Apple iPhone 14,256 GB Midnight 5G Apple A15 Bionic,"SR
2,346.96","Save:
SR
600"
Apple iPhone 16,128 GB Teal 5G Apple A18,"SR
2,781.74","Save:
SR
600"
Apple iPhone 16,128 GB Black 5G Apple A18,"SR
2,781.74","Save:
SR
600"
Apple iPhone 15,256 GB Blue 5G Apple A16 Bionic,"SR
2,781.74","Save:
SR
600"
Apple iPhone 15 Plus,256 GB Black 5G Apple A16 Bionic,"SR
3,216.52","Save:
SR
600"
Apple iPhone 16 Plus,256 GB Pink 5G Apple A18,"SR
3,564.35","Save:
SR
600"
Apple iPhone 15 Plus,256 GB Blue 5G Apple A16 Bionic,"SR
3,216.52","Save:
SR
600"
Apple iPhone 14,256 GB Starlight 5G Apple A15 Bionic,"SR
2,346.96","Save:
SR
600"
Apple iPhone 16,128 GB White 5G Apple A18,"SR
2,781.74","Save:
SR
600"
Apple iPhone 16,256 GB Black 5G Apple A18,"SR
3,216.52","Save:
SR
600"
Apple iPhone 15,256 GB Black 5G Apple A16 Bionic,"SR
2,781.74","Save:
SR
600"
Apple iPhone 16 Plus,256 GB Black 5G Apple A18,"SR
3,564.35","Save:
SR
600"
Apple iPhone 16,256 GB Ultramarine 5G Apple A18,"SR
3,216.52","Save:
SR
600"
Apple iPhone 16,256 GB Teal 5G Apple A18,"SR
3,216.52","Save:
SR
600"
Apple iPhone 16 Plus,128 GB Ultramarine 5G Apple A18,"SR
3,129.57","Save:
SR
600"
Apple iPhone 16 Plus,256 GB Teal 5G Apple A18,"SR
3,564.35","Save:
SR
600"
Apple iPhone 16,256 GB Pink 5G Apple A18,"SR
3,216.52","Save:
SR
600"
Apple iPhone 16,512 GB Teal 5G Apple A18,"SR
4,086.09","Save:
SR
600"
Apple iPhone 16,512 GB Black 5G Apple A18,"SR
4,086.09","Save:
SR
600"
Apple iPhone 16,512 GB White 5G Apple A18,"SR
4,086.09","Save:
SR
600"
Apple iPhone 16 Plus,512 GB Ultramarine 5G Apple A18,"SR
4,433.91","Save:
SR
600"
Apple iPhone 16 Plus,512 GB Teal 5G Apple A18,"SR
4,433.91","Save:
SR
600"
Apple iPhone 15 Plus,256 GB Green 5G Apple A16 Bionic,"SR
3,216.52","Save:
SR
600"
Apple iPhone 16,256 GB White 5G Apple A18,"SR
3,216.52","Save:
SR
600"
Apple iPhone 16,512 GB Ultramarine 5G Apple A18,"SR
4,086.09","Save:
SR
600"
Apple iPhone 16,512 GB Pink 5G Apple A18,"SR
4,086.09","Save:
SR
600"
Apple iPhone 16 Plus,512 GB Black 5G Apple A18,"SR
4,433.91","Save:
SR
600"
Apple iPhone 16 Plus,256 GB Ultramarine 5G Apple A18,"SR
3,564.35","Save:
SR
600"
Apple iPhone 16 Plus,512 GB White 5G Apple A18,"SR
4,433.91","Save:
SR
600"
Apple iPhone 13,128 GB Starlight 5G Apple A15 Bionic,"SR
1,564.35","Save:
SR
500"
Apple iPhone 13,128 GB Midnight 5G Apple A15 Bionic,"SR
1,564.35","Save:
SR
500"
Apple iPhone 16e,512 GB Black 5G Apple A18,"SR
3,520.87","Save:
SR
250"
Apple iPhone 16e,512 GB White 5G Apple A18,"SR
3,520.87","Save:
SR
250"
Apple iPhone 16e,256 GB Black 5G Apple A18,"SR
2,712.17","Save:
SR
180"
Apple iPhone 16e,256 GB White 5G Apple A18,"SR
2,712.17","Save:
SR
180"
Apple iPhone 16e,128 GB Black 5G Apple A18,"SR
2,303.48","Save:
SR
150"
Apple iPhone 16e,128 GB White 5G Apple A18,"SR
2,303.48","Save:
SR
150"
Renewed Grade B Apple iPhone 14 Pro,1 TB Deep Purple 5G,"SR
2,781.74","Save:
SR
4,000"
Apple iPhone 14 Plus,512 GB Midnight 5G Apple A15 Bionic,"SR
3,477.39","Save:
SR
1,700"
Apple iPhone 15 Pro Max,512 GB Black Titanium 5G Apple A17 Pro,"SR
4,694.78","Save:
SR
1,300"
Apple iPhone 14 Plus,256 GB Starlight 5G Apple A15 Bionic,"SR
3,042.61","Save:
SR
1,200"
Apple iPhone 14 Plus,256 GB Purple 5G Apple A15 Bionic,"SR
3,042.61","Save:
SR
1,200"
Apple iPhone 15 Pro,512 GB Natural Titanium 5G Apple A17 Pro,"SR
4,346.96","Save:
SR
1,200"
Apple iPhone 13,512 GB Green 5G Apple A15 Bionic,"SR
2,390.43","Save:
SR
950"
Apple iPhone 15 Pro Max,256 GB Blue Titanium 5G Apple A17 Pro,"SR
4,346.96","Save:
SR
700"
Apple iPhone 15 Pro,128 GB Blue Titanium 5G Apple A17 Pro,"SR
3,477.39","Save:
SR
700"
Apple iPhone 15 Pro,256 GB White Titanium 5G Apple A17 Pro,"SR
3,912.17","Save:
SR
700"
Apple iPhone 15,128 GB Pink 5G Apple A16 Bionic,"SR
2,346.96","Save:
SR
600"
Apple iPhone 16 Plus,128 GB Pink 5G Apple A18,"SR
3,129.57","Save:
SR
600"
Apple iPhone 16 Plus,128 GB Black 5G Apple A18,"SR
3,129.57","Save:
SR
600"
Apple iPhone 15,128 GB Green 5G Apple A16 Bionic,"SR
2,346.96","Save:
SR
600"
Apple iPhone 16 Plus,256 GB White 5G Apple A18,"SR
3,564.35","Save:
SR
600"
Apple iPhone 16 Plus,128 GB White 5G Apple A18,"SR
3,129.57","Save:
SR
600"
Apple iPhone 15,256 GB Green 5G Apple A16 Bionic,"SR
2,781.74","Save:
SR
600"
Apple iPhone 15,256 GB Pink 5G Apple A16 Bionic,"SR
2,781.74","Save:
SR
600"
Apple iPhone 16 Plus,128 GB Teal 5G Apple A18,"SR
3,129.57","Save:
SR
600"
Apple iPhone 15 Plus,128 GB Green 5G Apple A16 Bionic,"SR
2,781.74","Save:
SR
600"
Apple iPhone 13,256 GB Green 5G Apple A15 Bionic,"SR
1,999.13","Save:
SR
500"
Apple iPhone 15 Pro Max,512 GB Natural Titanium 5G Apple A17 Pro,"SR
5,825.22",
Apple iPhone 13,128 GB Green 5G Apple A15 Bionic,"SR
1,999.13",
Apple iPhone 11,128 GB Black 4G LTE Apple A13 Bionic,"SR
1,738.26",
Renewed Grade B Apple iPhone 11 Pro Max,512 GB Midnight Green 4G LTE,"SR
2,346.96","Save:
SR
4,200"
Renewed Grade B Apple iPhone 13 Pro Max,1 TB Alpine Green 5G,"SR
3,042.61","Save:
SR
3,800"
Renewed Grade B Apple iPhone 11 Pro,256 GB Midnight Green 4G LTE,"SR
1,651.3","Save:
SR
3,580"
Renewed Grade B Apple iPhone 11 Pro,256 GB Gold 4G LTE,"SR
1,651.3","Save:
SR
3,580"
Renewed Grade B Apple iPhone 11 Pro Max,256 GB Midnight Green 4G LTE,"SR
2,086.09","Save:
SR
3,520"
Renewed Grade B Apple iPhone 11 Pro Max,256 GB Silver 4G LTE,"SR
2,086.09","Save:
SR
3,520"
Renewed Grade B Apple iPhone 11 Pro Max,256 GB Gold 4G LTE,"SR
2,086.09","Save:
SR
3,520"
Renewed Grade B Apple iPhone 11 Pro Max,256 GB Space Grey 4G LTE,"SR
2,086.09","Save:
SR
3,520"
Renewed Grade B Apple iPhone 12 Pro Max,512 GB Pacific Blue 5G,"SR
2,260","Save:
SR
3,300"
Renewed Grade B Apple iPhone 12 Pro Max,512 GB Gold 5G,"SR
2,260","Save:
SR
3,300"
Renewed Grade B Apple iPhone 12 Pro Max,512 GB Graphite 5G,"SR
2,260","Save:
SR
3,300"
Renewed Grade B Apple iPhone 12 Pro,512 GB Pacific Blue 5G,"SR
1,999.13","Save:
SR
3,200"
Renewed Grade B Apple iPhone 14 Pro,512 GB Black 5G,"SR
2,694.78","Save:
SR
3,100"
Renewed Grade B Apple iPhone 13 Pro,512 GB Sierra Blue 5G,"SR
2,433.91","Save:
SR
3,000"
Renewed Grade B Apple iPhone 13 Pro Max,512 GB Sierra Blue 5G,"SR
2,955.65","Save:
SR
2,900"
Renewed Grade B Apple iPhone 14 Pro Max,256 GB Deep Purple 5G,"SR
2,694.78","Save:
SR
2,600"
Renewed Grade B Apple iPhone 14 Pro Max,256 GB Black 5G,"SR
2,694.78","Save:
SR
2,600"
Renewed Grade B Apple iPhone 12 Pro Max,256 GB Pacific Blue 5G,"SR
2,086.09","Save:
SR
2,600"
Renewed Grade B Apple iPhone 12 Pro Max,256 GB Graphite 5G,"SR
2,086.09","Save:
SR
2,600"
