product_name,price
تلفزيون 32 بوصة سمارت LED عالي الدقة HD من سامسونج، مع ريسيفر مدمج، اسود، UA32T5300AUXEG,"لا يوجد عروض متوفرة
8,380.00 جنيه(4 عروض جديدة)"
تلفزيون ذكي ال جي ال اي دي 43 بوصة سلسلة LM6370 FHD HDR سمارت LED - 43LM6370PVA,"لا يوجد عروض متوفرة
14,888.00 جنيه(2 عروض جديدة)"
تلفزيون سامسونج 43 بوصة بمعالج كريستال 4K ليد - رمادي تيتان - UA43DU8000UXEG [موديل 2024],"13,999"
تلفزيون سامسونج 55 بوصة 4 كيه UHD سمارت LED مع جهاز استقبال مدمج - UA55DUE800UXEG,"19,350"
تلفزيون سامسونج سمارت 50 بوصة 4 كيه الترا اتش دي ال اي دي - اسود - UA50DU7000UXEG [موديل 2024],"لا يوجد عروض متوفرة
17,390.00 جنيه(4 عروض جديدة)"
تلفزيون FHD DLED مقاس 43 بوصة مع ريسيفر مدمج موديل 43EC3300E من تورنيدو، أسود,"10,499"
تلفزيون 4K UHD من سلسلة UQ7900 بتصميم شاشة سينما بتقنية المدى الديناميكي العالي HDR ونظام تشغيل ويب سمارت مع تقنية الذكاء الاصطناعي ثينك كيو- 60UQ79006LD (جديد) 60 بوصة من ال جي، أسود,"لا يوجد عروض متوفرة
23,999.00 جنيه(2 عروض جديدة)"
تلفزيون UHD UT80 ذكي بدقة 4K بتقنية الذكاء الاصطناعي وتقنية المدى الديناميكي العالي HDR 10 من ال جي، 55 بوصة، webOS24-55UT80006LB (2024)، أسود,"21,390"
شاشة تلفزيون سمارت ال اي دي 32 بوصة بدون إطار FHD بريسيفر مدمج جوجل تي في من شارب موديل - 2T-C32FG6EX، أسود,"7,773"
تلفزيون ذكي 43 بوصة UHD UT80 بدقة 4K بتقنية الذكاء الاصطناعي ماجيك بخاصية HDR 10 webOS24-43UT80006LA (2024) من ال جي,"13,999"
تلفزيون ال اي دي ذكي بشاشة 32 بوصة عالية الدقة اتش دي، يدعم تقنية الواي فاي، ومزوّد بمنفذ ار اف ويو اس بي واتش دي ام اي - 32ES1500E,"لا يوجد عروض متوفرة
7,730.00 جنيه(3 عروض جديدة)"
تلفزيون تورنيدو دقة عالية اتش دي، دي ال اي دي ذكي 32 بوصة اتصال واي فاي 32ES4600E,"لا يوجد عروض متوفرة
8,239.00 جنيه(1 عرض جديد)"
تلفزيون ذكي 4K بدون إطار 65 بوصة مع ريسيفر مدمج من شارب، 4T-C65FL6EX,"22,499"
تلفزيون ذكي 4K بدون إطار مقاس 50 بوصة مع ريسيفر مدمج من شارب، 4T-C50FL6EX,"16,499"
تلفزيون ذكي UHD UR78 ال جي مقاس 65 بوصة بدقة 4 كيه - 65UR78006LL.AFU (2023)، أسود,"24,999"
تلفزيون ليد ذكي 55 بوصة بدقة 4K UHD مع ريسيفر مدمج من ال جي، أسود,"20,199"
شاشة تلفزيون سمارت QLED 55 بوصة من سامسونج، معالج نيورال كوانتوم بتقنية المدى الديناميكي العالي HDR بدقة لايت 4 كيه - موديل QA55QE1DAUXEG [2024],"24,999"
تلفزيون سمارت نانو سيل بدقة 4K وشاشة 55 بوصة مع جهاز تحكم ماجيك بتقنية الذكاء الاصطناعي من ال جي، HDR10 webOS24-65NANO80T6A (2024),"21,890"
تلفزيون ذكي من ال جي، شاشة QNED موديل QNED80T بمقاس 55 بوصة، بدقة 4K، جهاز تحكم سحري ذكاء اصطناعي، HDR10، نظام تشغيل ويب او اس24-55QNED80T6B (2024),"26,149"
تلفزيون سامسونج ذكي QLED 4K بإطار -، مقاس 55 بوصة، QA55LS03DAUXEG [موديل 2024]، أسود,"30,599"
تلفزيون بدقة 4K ذكي بدون إطار مقاس 55 بوصة مزود بجهاز استقبال مدمج من شارب، موديل 4T-C55FL6EX,"لا يوجد عروض متوفرة
20,921.00 جنيه(1 عرض جديد)"
تلفزيون سمارت 4 كيه 4T-C55FJ16EX بتقنية ديب كروما بدون إطار 55 بوصة من شارب,"17,999"
تلفزيون ذكي بشاشة ال اي دي مقاس 32 بوصة FHD مزود بجهاز ريسيفر مدمج من سامسونج، لون أسود، رقم الموديل: UA32H5000FUXEG,"9,499"
تلفزيون سامسونج 55 بوصة QD-OLED سمارت 4K - معالج كوانتوم HDR عصبي أسود جرافيت QA55S90DAUXEG [موديل 2024],"54,999"
