title,price,sleeping_capacity,season
"The North Face
Stormbreak 2 Tent",$200.00,2-person,5 lbs. 5 oz.
"REI Co-op
Trailmade 2 Tent with Footprint",$199.00,2-person,4 lbs. 4 oz.
"The North Face
Wawona 6 Tent",$550.00,6-person,3-season
"REI Co-op
Trailmade 1 Tent with Footprint",$179.00,1-person,3 lbs. 13 oz.
"Coleman
Skylodge 4-Person Instant Camping Tent",$240.00,4-person,3-season
"Coleman
Skydome 4-Person Tent with Full-Fly Vestibule",$189.95,4-person,3-season
"Coleman
Skylodge 6-Person Instant Camping Tent",$290.00,6-person,3-season
"REI Co-op
Wonderland 6 Tent",$499.00,6-person,3-season
"REI Co-op
Base Camp 4 Tent",$474.00,4-person,3-season
"The North Face
Wawona 4 Tent",$450.00,4-person,3-season
"REI Co-op
Half Dome 2 Tent with Footprint",$299.00,2-person,4 lbs. 13.3 oz.
"REI Co-op
Wonderland 4 Tent",$429.00,4-person,3-season
"REI Co-op
Trail Hut 2 Tent with Footprint",$229.00,2-person,4 lbs. 14 oz.
"Mountainsmith
Cottonwood 6-Person Tent",$219.73,6-person,2-season
"Coleman
Skydome 6-Person Screen Room Tent with Dark Room Technology",$389.95,6-person,3-season
"NEMO
Hornet OSMO Ultralight 2P Tent",$449.95,2-person,2 lbs. 1 oz.
"REI Co-op
Half Dome 3 Tent with Footprint",$399.00,3-person,5 lbs. 10.8 oz.
"REI Co-op
Campwell 6 Tent",$299.00,6-person,3-season
"The North Face
Wawona 8 Tent",$750.00,8+ people,3-season
"The North Face
Stormbreak 3 Tent",$230.00,3-person,5 lbs. 15 oz.
"Coleman
Skydome Screen Room 4-Person Tent with Dark Room Technology",$269.95,4-person,3-season
"Coleman
Skydome 8-Person Screen Room Tent with Dark Room Technology",$400.00,8+ people,3-season
"Zempire
Aerospeed 6 Air Tent",$600.00,6-person,3-season
"Big Agnes
Spicer Peak 6 Tent",$336.93,6-person,3-season
"ALPS Mountaineering
Camp Creek 4 Tent",$184.73,4-person,3-season
"Big Agnes
Copper Spur UL2 Tent",$549.95,2-person,2 lbs. 10 oz.
"REI Co-op
Base Camp 6 Tent",$549.00,6-person,3-season
"Kelty
Discovery Basecamp 6 Tent",$169.95,6-person,3-season
"Coleman
Skydome 6-Person Tent with Full-Fly Vestibule",$274.95,6-person,3-season
"Gazelle
G5 5-Sided Portable Gazebo",$199.95,4-person,23 lbs. 8 oz.
"Big Agnes
Blacktail Hotel 2 Bikepack Tent",$299.73,2-person,23 lbs. 8 oz.
"The North Face
Wawona 8 Tent",$750.00,8+ people,3-season
"REI Co-op
Wonderland 6 Tent",$499.00,6-person,3-season
"Big Agnes
Blacktail Hotel 3 Bikepack Tent",$313.73,3-person,3-season
"Coleman
Skydome 8-Person Screen Room Tent with Dark Room Technology",$400.00,8+ people,3-season
"ALPS Mountaineering
Camp Creek 4 Tent",$184.73,4-person,3-season
"REI Co-op
Campwell 6 Tent",$299.00,6-person,3-season
"Kelty
Discovery Basecamp 6 Tent",$169.95,6-person,3-season
"Big Agnes
Copper Spur UL2 Tent",$549.95,2-person,2 lbs. 10 oz.
"Big Agnes
Tiger Wall 3 Platinum Tent",$524.73,3-person,2 lbs. 6 oz.
"Kelty
Daydreamer 6P Tent",$249.95,6-person,3-season
"Zempire
Aerospeed 6 Air Tent",$600.00,6-person,3-season
"Snow Peak
Alpha Breeze Tent",$499.95,4-person,3-season
"Marmot
Tungsten 2P Tent with Footprint",$249.00,2-person,4 lbs. 15.7 oz.
"Kelty
Discovery Basecamp Bundle",$299.95,4-person,3-season
"Mountainsmith
Bear Creek 2 Tent with Footprint",$149.95,2-person,4 lbs. 3 oz.
"Kelty
Discovery Basecamp 4 Tent",$109.95,4-person,3-season
"Coleman
Skydome 6-Person Tent with Full-Fly Vestibule",$274.95,6-person,3-season
"Marmot
Tungsten 4P Tent with Footprint",$399.00,4-person,7 lbs. 15 oz.
"NEMO
Dagger OSMO 2P Tent",$549.95,2-person,3 lbs. 5 oz.
"Mountain Hardwear
Mineral King 2 Tent with Footprint",$325.00,2-person,5 lbs. 7.9 oz.
"Big Agnes
Copper Spur UL1 Tent",$449.95,1-person,2 lbs.
"Gazelle
T4 Hub Tent - Overland Edition",$529.95,4-person,3-season
"Gazelle
T4 Hub Tent",$429.95,4-person,3-season
"Big Agnes
Big House 6 Tent",$419.73,6-person,3-season
"Big Agnes
Big House 4 Tent",$374.73,4-person,3-season
"REI Co-op
Half Dome 2 Plus Tent with Footprint",$359.00,2-person,5 lbs. 0.8 oz.
"REI Co-op
Base Camp 6 Tent",$549.00,6-person,3-season
"NEMO
Aurora Highrise 4-Person Tent",$399.95,4-person,3-season
"Marmot
Tungsten 3P Tent with Footprint",$299.00,3-person,6 lbs. 0.3 oz.
"NEMO
Aurora Highrise 6-Person Tent",$499.95,6-person,3-season
"Big Agnes
Copper Spur UL3 Tent",$599.95,3-person,3 lbs. 6 oz.
"Coleman
Skydome Dark Room 6-Person Tent",$234.95,6-person,3-season
"REI Co-op
Campwell 4 Tent",$229.00,4-person,3-season
"Coleman
Skydome XL Dark Room 10-Person Tent",$459.95,8+ people,3-season
"Yakima
SkyRise Medium Tent","$1,424.73",3-person,115 lbs.
"Coleman
Skylodge 8-Person Instant Camping Tent",$360.00,8+ people,3-season
"Zempire
Aerospeed 10 Air Tent",$900.00,8+ people,3-season
"NEMO
Dragonfly OSMO 1P Tent",$449.95,1-person,2 lbs. 1 oz.
"REI Co-op
Half Dome 2 Tent with Footprint - 45th Anniversary Edition",$329.00,2-person,4 lbs. 13.3 oz.
"NEMO
Aurora 2 Backpacking Tent with Footprint",$299.95,2-person,4 lbs. 11 oz.
"NEMO
Dragonfly OSMO 2P Tent",$499.95,2-person,2 lbs. 10 oz.
"REI Co-op
Flash Air 1 Tent",$329.00,1-person,1 lb. 12 oz. (or 1 lb. 11.2 oz. without main pole)
"Sierra Designs
High Route 2-Person Tarp Shelter",$129.73,2-person,1 lb. 3.25 oz.
"Caddis
Rapid 4 Tent",$269.95,4-person,3-season
"MSR
Hubba Hubba LT 1 Tent",$469.95,1-person,2 lbs. 6 oz.
"Outdoor Research
Helium Bivy",$225.00,1-person,3 - 4-season
"Big Agnes
Tiger Wall UL2 Tent",$479.95,2-person,2 lbs. 3 oz.
"NEMO
Dagger OSMO 3P Tent",$599.95,3-person,3 lbs. 13 oz.
"Zempire
Aerospeed 4 Air Tent",$500.00,4-person,3-season
"Mountain Hardwear
Nimbus UL 1 Tent",$400.00,1-person,1 lb. 11.8 oz.
"REI Co-op
Flash Air 2 Tent",$399.00,2-person,2 lbs. 6.5 oz.
"MSR
Hubba Hubba LT 2 Tent",$549.95,2-person,3 lbs.
"NEMO
Dragonfly OSMO 3P Tent",$579.95,3-person,3 lbs. 5 oz.
"REI Co-op
Flash 2 Tent",$429.00,2-person,2 lbs. 13.2 oz.
"REI Co-op
Wonderland X Tent",$999.00,4-person,3-season
"Kelty
Caboose Tent",$329.95,4-person,3-season
"Big Agnes
Wyoming Trail 4 Tent",$699.73,4-person,3-season
"Big Agnes
Fly Creek UL2 Tent",$399.95,2-person,1 lb. 14 oz.
"White Duck Outdoors
Regatta Bell FR Tent - 13'",$950.00,6-person,4-season
"White Duck Outdoors
Regatta Bell FR Tent - 10'",$750.00,3-person,4-season
"Big Agnes
Copper Spur HV UL2 Bikepack Tent",$579.95,2-person,3 lbs.
"REI Co-op
Wonderland 6 Titanium Tent",$599.00,6-person,3-season
"Zempire
Evo TL V2 Air Tent","$1,300.00",8+ people,3-season
"Coleman
PEAK1 4-Person Dome Tent",$514.95,4-person,3 - 4-season
"iKamper
BDV Duo Tent","$2,799.00",2-person,200 lbs.
"Coleman
Skylodge 6-Person Instant Tent",$202.93,6-person,3-season
"Zempire
Evo TS V2 Inflatable Air Tent",$800.00,4-person,3-season
"Big Agnes
Copper Spur Limited 3 Tent with Footprint",$649.95,3-person,3 lbs.
"Yakima
SkyRise HD Small Tent","$1,499.73",2-person,101 lbs.
"Big Agnes
Copper Spur HV UL5 Tent",$674.73,5-person,6 lbs. 14 oz.
"Big Agnes
Fly Creek UL1 Tent",$369.95,1-person,1 lb. 11 oz.
"Coleman
PEAK1 6-Person Dome Tent",$644.95,6-person,3 - 4-season
"Big Agnes
Copper Spur HV2 Expedition Tent",$449.73,2-person,4 lbs. 10 oz.
"Coleman
Skydome 8-Person Tent",$219.95,6-person,3-season
"Big Agnes
Copper Spur HV3 Expedition Tent",$524.73,3-person,5 lbs. 8 oz.
"Caddis
Rapid 6 Tent",$299.95,6-person,3-season
"Snow Peak
Land Lock Tent","$1,899.95",6-person,3-season
"White Duck Outdoors
Rover Scout FR Tent - 8' x 13'",$790.00,4-person,4-season
"REI Co-op
Flash 3 Tent",$499.00,3-person,3 lbs. 7.6 oz.
"MSR
FreeLite 2 Tent",$449.95,2-person,2 lbs.
"Marmot
Limestone Lanai Shelter",$278.73,11 lbs. 8.8 oz.,109.8 sq. ft.
"Sierra Designs
Convert 3 Tent",$419.73,3-person,6 lbs. 8 oz.
"Kammok
Sunda 2.0 Tent with Footprint",$275.73,2-person,4 lbs. 3.5 oz.
"REI Co-op
Trailmade Backpacking Bundle",$379.00,2-person,3-season
"Big Agnes
Bunk House 4 Tent",$599.95,4-person,3-season
"Yakima
SkyRise HD Tent","$2,699.00",3-person,154 lbs. 4.8 oz.
"The North Face
Mountain 25 Tent with Footprint",$690.00,2-person,8 lbs. 13 oz.
"Big Agnes
Copper Spur Limited 2 Tent with Footprint",$599.95,2-person,2 lbs. 7 oz.
"Coghlan's
Camping Fan with Light",$35.00,15.52 ounces,7.87 x 3.13 in.
"Yakima
SkyRise SL Tent","$1,999.00",3-person,143 lbs.
"Marmot
Limelight 3P Tent with Footprint",$359.00,3-person,5 lbs. 14.9 oz.
"NEMO
Hornet OSMO 3P Ultralight Tent",$549.95,3-person,2 lbs. 13 oz.
"Snow Peak
Amenity Dome Tent - Small",$324.95,2-person,3-season
"Kelty
Cabana Shelter",$109.95,7 lbs. 5 oz.,45.5 sq. ft.
"Big Agnes
Wyoming Trail 2 Tent",$454.73,2-person,45.5 sq. ft.
"Neso
Sidelines Grande Sunshade",$71.83,5 lbs. 14 oz.,52.1 sq. ft.
"Coleman
Skydome Dark Room 8-Person Tent",$274.95,8+ people,3-season
"Outdoor Research
Bug Bivy",$99.00,1-person,2-season
"NEMO
Dragonfly Bikepack OSMO 2P Tent",$579.95,2-person,2-season
"Kelty
Waypoint Car Tarp",$139.95,8 lbs. 5 oz.,85 sq. ft.
"Snow Peak
Land Nest Solo Inner Tent with Footprint",$204.95,1-person,3-season
"REI Co-op
Half Dome Tarp",$99.95,1 lb. 10.6 oz. (minimum),100 sq. ft.
"Big Agnes
Copper Spur HV UL3 Bikepack Tent",$629.95,3-person,3-season
"SOL
Escape Lite Bivy",$54.95,1-person,3-season
"Snow Peak
Entry Pack Tent and Tarp Set",$647.95,4-person,3-season
"MSR
Mini Ground Hog Stake",$4.95,0.35 ounces,3-season
"REI Co-op
Arete ASL 2 Tent",$449.00,2-person,5 lbs. 10 oz.
"Big Agnes
Copper Spur UL3 XL Tent",$629.95,3-person,3 lbs. 9 oz.
"Coghlan's
Tent Peg Mallet / Puller",$6.95,Heavy-duty plastic,7 ounces
"Mountain Hardwear
Mineral King 3 Tent with Footprint",$375.00,3-person,6 lbs. 10.8 oz.
"iKamper
Skycamp 3.0 Tent","$4,395.00 - $4,695.00",4-person,230 lbs.
"MSR
Hubba Hubba LT 3 Tent",$629.95,3-person,4 lbs. 6 oz.
"Big Agnes
Copper Spur UL2 XL Tent",$579.95,2-person,2 lbs. 14 oz.
"MSR
Elixir 1 Tent with Footprint",$269.95,1-person,4 lbs. 1 oz.
"Big Agnes
Crag Lake 2 Tent",$349.95,2-person,3 lbs. 12 oz.
"NEMO
Hornet Elite OSMO 2P Tent",$659.95,2-person,1 lb. 11 oz.
"White Duck Outdoors
Rover Scout FR Tent - 8' x 9'",$670.00,3-person,4-season
"Big Agnes
Tiger Wall UL3 Tent",$529.95,3-person,2 lbs. 10 oz.
"Coghlan's
Tent Whisk with Dust Pan",$5.45,3.5 ounces,2 lbs. 10 oz.
"REI Co-op
Steel Stake",$2.00,2.7 ounces,8.25 in.
"Big Agnes
Blacktail 4 Tent",$349.95,4-person,7 lbs. 12 oz.
"Zempire
Evo TM V2 Air Tent","$1,000.00",4-person,3-season
"ALPS Mountaineering
Chaos 2 Floor Saver Footprint",$23.73,11 ounces,84 x 54 in.
"REI Co-op
Screen House Rainfly",$69.93,3 lbs. 10 oz.,84 x 54 in.
"Mountain Hardwear
Trango 4 Tent","$1,250.00",4-person,11 lbs. 7.5 oz.
"Zempire
Pro TM V2 Inflatable Air Tent","$1,500.00",6-person,3-season
"MSR
Hubba Hubba Bikepack 1 Tent",$499.95,1-person,3-season
"SOL
Escape Bivy with Hood",$52.50,1-person,4-season
"Big Agnes
Tiger Wall UL1 Tent",$429.95,1-person,1 lb. 13 oz.
"Gear Aid
Tent Pole Splint",$5.95,"0.625 in., 0.5 in.",0.8 ounce
"Big Agnes
Salt Creek SL2 Tent",$349.95,2-person,3 lbs. 11 oz.
"The North Face
VE 25 Tent with Footprint",$750.00,3-person,9 lbs. 8 oz.
"Kammok
Kuhli Ultralight Weather Shelter",$179.95,1-person,10 ounces
"Marmot
Limelight Ultralight 3-Person Tent",$549.00,3-person,3 lbs. 4.8 oz.
"Big Agnes
mtnGLO Tent Camp Lights",$34.95,5.5 in.,2 ounces
"Mountain Hardwear
Mineral King 2 All Season Tent with Footprint",$500.00,2-person,5 lbs. 8.3 oz.
"Mountain Hardwear
Aspect 2 Tent",$530.00,2-person,2 lbs. 14.7 oz.
"Big Agnes
Blacktail 3 Tent",$299.95,3-person,5 lbs. 10 oz.
"Big Agnes
Blacktail Hotel 2 Tent",$299.95,2-person,5 lbs. 9 oz.
"Coleman
PEAK1 3-Person Backpacking Tent with Footprint",$354.95,3-person,6 lbs. 4.6 oz
"REI Co-op
Flash Air Tarp",$179.00,1 lb. 4 oz.,87.59 sq. ft.
"NEMO
Aurora 3 Backpacking Tent with Footprint",$359.95,3-person,5 lbs. 12 oz.
"Big Agnes
Fly Creek HV UL2 Solution-Dyed Bikepack Tent",$449.95,2-person,5 lbs. 12 oz.
"Marmot
Limelight 2P with Footprint",$299.00,2-person,4 lbs. 15.4 oz.
"ALPS Mountaineering
Starlight Air Pump",$29.73,1.75 x 2.38 in.,3.6 ounces
"Big Agnes
Blacktail 2 Tent",$249.95,2-person,5 lbs.
"NEMO
Dragonfly Bikepack OSMO 1P Tent",$519.95,1-person,5 lbs.
"Mountainsmith
Morrison EVO 4 Tent with Footprint",$269.95,4-person,7 lbs. 1 oz.
"MSR
Access 3 Tent",$643.93,3-person,4 lbs. 6 oz.
"Big Agnes
Crag Lake 3 Tent",$399.95,3-person,4 lbs. 4 oz.
"Mountain Hardwear
Trango 2 Tent",$950.00,2-person,8 lbs. 9.7 oz.
"Big Agnes
Sage Canyon Shelter Deluxe",$313.73,12 lbs. 10 oz.,100 sq. ft.
"Big Agnes
Wyoming Trail 4 Footprint",$69.73,1 lb. 13 oz.,168 x 86 in.
"Mountainsmith
Morrison EVO 2 Tent with Footprint",$229.95,2-person,5 lbs. 9 oz.
"Snow Peak
Land Nest Shelter",$749.95,4-person,2-season
"Gazelle
G6 6-Sided Portable Gazebo",$399.95,34 lbs.,92 sq. ft.
"The North Face
Trail Lite 2 Tent",$325.00,2-person,4 lbs. 6.9 oz.
"MSR
Hubba Hubba Bikepack 2 Tent",$579.95,2-person,4 lbs. 6.9 oz.
"MSR
FreeLite 3 Tent",$539.95,3-person,2 lbs. 6 oz.
"Big Agnes
Sage Canyon Shelter",$224.73,7 lbs. 5 oz.,64 sq. ft.
"Marmot
Limelight Ultralight 2-Person Tent",$479.00,2-person,2 lbs. 14.9 oz.
"CGear Multimats
Original Sand-Free Mat",$64.95 - $144.95,"72 x 72 in., 96 x 96 in., 120 x 120 in., 144 x 144 in.","3 lbs. 2.4 oz., 5 lbs. 9.6 oz., 8 lbs. 8 oz., 11 lbs. 11.2 oz."
"Big Agnes
Salt Creek SL3 Tent",$399.95,3-person,4 lbs. 11 oz.
"The North Face
Trail Lite 3 Tent",$375.00,3-person,5 lbs. 9.2 oz.
"Coleman
PEAK1 2-Person Backpacking Tent",$319.95,2-person,4 lbs. 15.4 oz.
"Mountainsmith
Conifer 5+ Tent",$449.95,5-person,3-season
"Caddis
Rapid Shelter - 10' x 10'",$249.95,52 lbs. 14.4 oz.,100 sq. ft.
"Mountain Hardwear
AC 2 Tent",$750.00,2-person,3 lbs. 7.1 oz.
"Big Agnes
Wyoming Trail 2 Footprint",$55.73,1 lb. 6 oz.,86 x 76 in.
"Neso
Grande Sunshade",$149.95,5 lbs. 14 oz.,84 sq. ft.
"REI Co-op
Trailgate Shelter",$199.00,99.2 sq. ft.,75 in.
"Coghlan's
Nylon Tent Repair Kit",$6.95,99.2 sq. ft.,75 in.
"MSR
Access 1 Tent",$679.95,1-person,3 lbs.
"NEMO
Kunai 3P 3-4 Season Tent",$699.95,3-person,5 lbs. 3 oz.
"Sierra Designs
Convert 2 Tent",$349.73,2-person,5 lbs. 3 oz.
"Cedar Ridge
Ironwood 5 Tent",$149.73,5-person,3-season
"Mountain Hardwear
Aspect 3 Tent",$580.00,3-person,3 lbs. 10.7 oz.
"Kelty
Discovery Basecamp 4 Footprint",$29.95,14 ounces,95 x 76.5 in.
"Mountain Hardwear
Mineral King 3 All Season Tent with Footprint",$550.00,3-person,6 lbs. 9.9 oz.
"The North Face
Wawona 6 Footprint",$65.00,2 lbs. 0.2 oz.,116.1 x 93.7 in.
"Snow Peak
Takibi Hexa Tarp",$549.95,4-person,19 lbs. 6.4 oz.
"Big Agnes
Sage Canyon Shelter Plus",$243.73,9 lbs. 5 oz.,100 sq. ft.
"NEMO
Chogori 3P Tent",$899.95,3-person,8 lbs.
"NEMO
Chogori 2P Tent",$749.95,2-person,7 lbs. 1 oz.
"REI Co-op
Adjustable Tarp Pole - Single",$49.95 - $54.95,"(Length) 60 - 79 in. / (diameter) 19mm, (Length) 79 - 98 in. / (diameter) 28mm","13 oz., 1 lb. 11 oz."
"NEMO
Mayfly OSMO 2 Lightweight Backpacking Tent",$449.95,2-person,3 lbs.
"MSR
Elixir 4 Tent with Footprint",$489.95,4-person,8 lbs. 3 oz.
"REI Co-op
Kids' Overnight Bundle",$120.00 - $159.00,1-person,3-season
"MSR
Access 2 Tent",$799.95,2-person,3 lbs. 10 oz.
"REI Co-op
Half Dome 3 Plus Tent (2018-2020) Replacement Rainfly",$73.83,2-person,3 lbs. 10 oz.
"Kelty
Sideroads Car Awning",$129.95,8 lbs. 14 oz.,55 sq. ft. (Sprinter Van); 75 sq. ft. (Subaru Forester) sq. ft.
"MSR
Front Range 4-Person Ultralight Tarp Shelter",$379.95,4-person,1 lb. 10 oz.
"Kelty
Backroads Shelter",$169.95,11 lbs. 9 oz.,55 sq. ft. (Sprinter Van); 75 sq. ft. (Subaru Forester) sq. ft.
"Nite Ize
CamJam XT Aluminum Cord Tightener with Cord",$13.50,11 lbs. 9 oz.,55 sq. ft. (Sprinter Van); 75 sq. ft. (Subaru Forester) sq. ft.
"ENO
HouseFly Rain Tarp",$169.95,1-person,1 lb. 9 oz.
"Nite Ize
Figure 9 Tent Line Kit - Package of 4",$12.00,1-person,1 lb. 9 oz.
"Yakima
OverNOut 270 Awning - LH",$699.73,46 lbs. 8 oz.,80 sq. ft.
"MSR
Advance Pro 2 Tent",$799.95,2-person,2 lbs. 14 oz.
"Big Agnes
Copper Spur HV UL1 Bikepack Tent",$499.95,1-person,2 lbs. 14 oz.
"Mountain Hardwear
Nimbus UL 2 Tent",$420.00,2-person,2 lbs.
"Yakima
OverNOut 270 Awning - RH",$699.73,46 lbs. 8 oz.,80 sq. ft.
"Sea to Summit
Escapist Tarp Shelter",$229.00 - $249.00,2-person,"9.52 ounces, 12.3 ounces"
"NEMO
Mayfly OSMO 3 Lightweight Backpacking Tent",$499.95,3-person,3 lbs. 10 oz.
"Nite Ize
Gear Line Organization System",$19.95,4.5 ounces,48 x 3.95 x 1.65 in.
"NEMO
Hornet Elite OSMO 1P Tent",$579.95,1-person,1 lb. 7 oz.
"Mountain Hardwear
Trango 3 Tent","$1,050.00",3-person,10 lbs. 3.9 oz.
"Dometic
RT Awning L - Tall",$370.93,18 lbs. 4.2 oz.,10 lbs. 3.9 oz.
"REI Co-op
Base Camp Vehicle Connector",$199.00,7 lbs. 9.9 oz.,62.2 sq. ft.
"Kammok
Kuhli Shelter",$169.95,4-person,1 lb. 4.5 oz.
"SOL
Emergency Bivvy with Rescue Whistle and Tinder Cord",$25.50,4-person,1 lb. 4.5 oz.
"MSR
Access 3 Tent",$919.95,3-person,4 lbs. 6 oz.
"White Duck Outdoors
Rover 6-Person Scout Tent - 8' x 13'",$690.00,6-person,4-season
"ENO
Guardian Bug Net",$64.95,16 ounces,(L x W) 114 x 53 in.
"Big Agnes
Gold Camp 5 Tarp",$249.95,5-person,4 lbs. 8 oz.
"Marmot
Bird House 2-Shelf Hanging Tent Organizer",$30.00,2.2 ounces,6.5 x 13 in.
"Big Agnes
Blacktail Hotel 3 Tent",$349.95,3-person,6 lbs. 13 oz.
"Big Agnes
Tiger Wall Platinum 2 Tent",$649.95,2-person,1 lb. 15 oz.
"Big Agnes
Copper Spur UL4 Tent",$799.95,4-person,5 lbs.
"White Duck Outdoors
Regatta 13' 6-Person Bell Tent",$770.00,6-person,4-season
"Big Agnes
Gold Camp 3 Tarp",$199.95,3-person,3 lbs. 13 oz.
"Sea to Summit
Alto TR2 Tent",$410.00,2-person,2 lbs. 8.7 oz.
"Big Agnes
Tiger Wall UL2 Solution-Dyed Tent",$314.93,2-person,2 lbs. 3 oz.
"Dometic
RT Awning S - Low",$349.93,17 lbs. 6.7 oz.,2 lbs. 3 oz.
"MSR
Stake Hammer",$46.95,Stainless-steel/aluminum,11 ounces
"Caddis
Rapid Privacy Shelter",$199.95,Stainless-steel/aluminum,11 ounces
"BioLite
Luci Site Lights",$99.95,7.3 x 3.7 x 2.9 in.,1 lb. 4.8 oz.
"Big Agnes
Copper Spur UL3 Footprint",$90.00,7 ounces,90 x 70/62 (L x W head/foot) in.
"Sea to Summit
Mosquito Pyramid Net",$39.95 - $49.95,7 ounces,90 x 70/62 (L x W head/foot) in.
"REI Co-op
Base Camp 6 Footprint",$59.95,1 lb. 12.3 oz.,105.7 x 105.7 in.
"Dometic
HUB 2 REDUX",$524.93,19 lbs. 11.2 oz.,57 sq. ft.
"White Duck Outdoors
Regatta 10' 4-Person Bell Tent",$590.00,4-person,4-season
"Thule
Approach Awning - Small/Medium",$349.95,92 sq. ft.,4-season
"Neso
1 Sunshade",$109.95,3 lbs. 9 oz.,45.5 sq. ft.
"Sea to Summit
Mosquito Pyramid Net Shelter",$39.95 - $49.95,"1-person, 2-person","8.6 ounces, 12.3 ounces"
"The North Face
Wawona 8 Footprint",$90.00,1 lb. 12.2 oz.,166.5 x 94.1 in.
"Sea to Summit
Telos TR2 Tent",$449.00,2-person,3 lbs. 4.3 oz.
"REI Co-op
Trailmade 1 Footprint",$21.93,4.9 ounces,87.6 x 36 in.
"Zempire
Speedbase 2 Air Shelter",$600.00,21 lbs. 5 oz.,72 sq. ft.
"HEROCLIP
Medium Hanger",$22.95,21 lbs. 5 oz.,72 sq. ft.
"FLEXTAIL
Max Pump 3",$53.00,1.9 x 3.4 in.,4.3 ounces
"Caddis
Rapid 2-Room Privacy Shelter",$249.95,1.9 x 3.4 in.,4.3 ounces
"Marmot
Bird House 3-Shelf Hanging Tent Organizer",$35.00,3.1 ounces,6.5 x 15 in.
"The North Face
Wawona 4 Footprint",$59.00,1 lb. 6.1 oz.,93.7 x 86.6 in.
"Gazelle
T4 Water-Resistant Duffel Bag",$62.93,60 x 14 x 14 in.,2.03 lbs
"Kelty
Highroads Shelter",$279.95,11 lbs. 8 oz.,50-120 sq. ft.
"Gear Aid
Elastic Shockcord - 7 ft.",$5.95,11 lbs. 8 oz.,50-120 sq. ft.
"Gear Aid
Seam Sure Water-Based Seam Sealer - 2 oz.",$8.95,11 lbs. 8 oz.,50-120 sq. ft.
"NEMO
Kunai 2P 3-4 Season Tent",$549.95,2-person,3 lbs. 14 oz.
"REI Co-op
Wonderland 6 Footprint",$49.95,2 lbs. 1 oz.,116 x 94 in.
"iKamper
Skycamp Awning 3.0",$405.00,128.37 sq. ft.,82.7 in.
"White Duck Outdoors
Rover 4-Person Scout Tent - 8' x 9'",$590.00,4-person,4-season
"REI Co-op
Wonderland 4 Footprint",$39.95,1 lb. 8 oz.,94 x 94 in.
"Sea to Summit
Ikos TR2 Tent",$335.00,2-person,4 lbs. 11.9 oz.
"Nite Ize
Figure 9 Carabiner Rope Tightener with 3.5 mm Cord - Package of 2",$11.50,2-person,4 lbs. 11.9 oz.
"SOL
Emergency Blanket",$6.95,2.5 ounces,84 x 56 in.
"Big Agnes
Copper Spur UL2 XL Footprint",$80.00,6 ounces,96 x 54 in.
"Kelty
Discovery Basecamp 6 Footprint",$34.95,1 lb. 2 oz.,115 x 102 in.
"outdoor element
Charlotte's Webbing Camp Organizer",$24.95,12 x 1 x 0.25 in.,115 x 102 in.
"REI Co-op
Shelter Setup Kit",$99.95,4 x 32 in.,4 lbs. 4 oz.
"Liberty Mountain
Shockcord - 1/8"" Diameter",$0.60,0.125 in.,4 lbs. 4 oz.
"Nite Ize
Figure 9 Large Carabiner Rope Tightener - Single",$7.30,0.125 in.,4 lbs. 4 oz.
"Gear Aid
Silnet Silicone Seam Sealer - 1.5 oz.",$9.95,0.125 in.,4 lbs. 4 oz.
"SOL
Emergency Blanket XL",$10.95,3.2 ounces,98 x 58 in.
"CGear Multimats
Sand-Free Beach Umbrella",$64.95,9 lbs. 9.6 oz.,49 sq. ft.
"Big Agnes
Copper Spur UL2 Footprint",$80.00,5 ounces,88 x 52/42 (L x W head/foot) in.
"REI Co-op
Snow Stake",$6.00,1 ounce,88 x 52/42 (L x W head/foot) in.
"Sea to Summit
Telos TR2 Bikepack Tent",$524.00,2-person,88 x 52/42 (L x W head/foot) in.
"Sea to Summit
Telos TR3 Tent",$524.00,3-person,4 lbs. 3.8 oz.
"Kelty
Discovery H2GO Privacy Shelter",$119.95,3-person,4 lbs. 3.8 oz.
"ENO
Guardian SL Hammock Bug Net",$49.95,9 ounces,4.5 x 7 in.
"MSR
Cyclone Tent Stakes - Package of 4",$35.95,1.2 ounces each,4.5 x 7 in.
"REI Co-op
Base Camp 4 Footprint",$49.95,1 lb. 5.3 oz.,96.5 x 83.3 in.
"Sea to Summit
Ikos TR3 Tent",$410.00,3-person,6 lbs. 7.7 oz.
"Gear Aid
Seam Grip Seam Sealer",$9.95,3-person,6 lbs. 7.7 oz.
"Neso
Gigante Sunshade",$179.95,9 lbs. 8 oz.,102.6 sq. ft.
"FLEXTAIL
Zero Pump",$48.00,1 x 3 in.,1.8 ounces
"Geyser Systems
Clean Kit Replacement Sponges - Package of 3",$14.95,1 x 3 in.,1.8 ounces
"Gazelle
T4 Tent Footprint",$79.95,2 lbs.,94 x 94 in.
"The North Face
Stormbreak 3 Footprint",$45.00,9 ounces,85.8 x 62.2 in.
"REI Co-op
Wonderland Mud Room",$99.00,5 lbs. 5.3 oz.,65.6 square feet
"Gazelle
All-Terrain Stakes - Package of 12",$34.95,4 lbs.,65.6 square feet
"Dometic
GO Compact Camp Shelter Door and Wall Kit",$69.93,2 lbs. 11 oz.,118 x 69 x 0.04 in.
"Yakima
MajorShady 270-Degree Roof-Mounted Awning - RH",$758.93,46 lbs. 8 oz.,80 sq. ft.
"Liberty Mountain
Shockcord - 1/4"" Diameter",$0.60,0.25 in.,80 sq. ft.
"MSR
Universal Footprint 2 Large",$56.95,8 ounces,82 x 51 in.
"Big Agnes
Copper Spur HV UL2 Bikepack Footprint",$90.00,9 ounces,84 x 48/38 (L x W head/foot) in.
"Nite Ize
Figure 9 Small Carabiner Rope Tightener - Single",$5.00,9 ounces,84 x 48/38 (L x W head/foot) in.
"Sea to Summit
Alto TR 2 Plus Tent",$449.00,2-person,2 lbs. 13.9 oz.
"Neso
Extra Grande Tent Poles - Package of 2",$33.95,19.5 x 3 x 3 in.,2 lbs. 3 oz.
"NEMO
Aurora Highrise 4P Footprint",$79.95,14.6 ounces,100 x 90 in.
"The North Face
Stormbreak 2 Footprint",$45.00,8.2 ounces,85 x 47.6 in.
"REI Co-op
2-Person Standard Tent Footprint",$39.95,83 x 47 in.,85 x 47.6 in.
"Hennessy Hammock
Expedition Asym Zip Hammock",$169.95,250 lbs.,85 x 47.6 in.
"Dometic
HUB 2.0 Redux Bug Mesh Kit",$104.93,2 lbs. 5 oz.,75 x 75 x 0.08 in.
"Neso
Neso Grande Sunshade - Giving Campaigns",$149.95,5 lbs. 14 oz.,84 sq. ft.
"Veer
Basecamp Shelter",$129.00,6 lbs.,16.7 sq. ft.
"Caddis
Rapid Shelter Wall - 10' x 10'",$49.95,2 lbs. 13.9 oz.,10 x 10 feet
"Neso
Ground Screw Stakes - Package of 4",$25.95,8.8 ounces,10 x 10 feet
"Geyser Systems
Replacement Scrub Sponge",$9.95,8.8 ounces,10 x 10 feet
"ENO
JungleLink Hammock System",$219.95,300 lbs.,10 x 10 feet
"Dometic
GO Compact Camp Shelter Mesh Wall Kit",$104.93,2 lbs. 6 oz.,118 x 69 x 0.04 in.
"NEMO
Hornet OSMO 2P Footprint",$69.95,6.9 ounces,85 x 51 in.
"Sea to Summit
Telos TR3 Plus Tent",$560.00,3-person,4 lbs. 9 oz.
"ENO
OneLink Hammock System",$234.95,400 lbs.,4 lbs. 9 oz.
"Coghlan's
Tent Peg - 9 in.",$0.95,1.1 ounces,4 lbs. 9 oz.
"Kammok
Dragonfly Hammock Bug Net",$79.95,9.8 ounces,126 x 57 in.
"Kelty
Daydreamer 4P Footprint",$29.95,14.4 ounces,93 x 82 in.
"Dometic
HUB 2.0 Door and Wall Kit",$69.93,2 lbs. 11 oz.,75 x 75 x 0.08 in.
"Yakima
OverNOut 180 Awning",$879.00,47 lbs. 13.6 oz.,90 sq. ft.
"Kammok
Mantis Ultralight All-in-One Hammock Tent",$299.95,300 lbs.,90 sq. ft.
"CGear Multimats
Sandlite Sand-Free Mat",$74.95 - $89.95,"78 x 61 in., 78 x 78 in.","2 lbs. 4.8 oz., 3 lbs."
"NEMO
Dagger OSMO 3P Footprint",$79.95,10.6 ounces,88 x 70 in.
"Zempire
Aerospeed 10 Air Tent Heat Shield",$130.00,1 lb. 14 oz.,88 x 70 in.
"ENO
Guardian DX Bug Net",$79.95,13 ounces,88 x 70 in.
"Mountain Hardwear
Meridian 3 Tent with Footprint",$243.73,3-person,5 lbs. 4.5 oz.
"Big Agnes
Copper Spur UL1 Footprint",$70.00,4 ounces,88 x 38/28 (L x W head/foot) in.
"Kammok
Mantis Recycled All-in-One Hammock Tent",$269.95,500 lbs.,88 x 38/28 (L x W head/foot) in.
"SOL
Heat-Reflective Poncho",$10.95,2.7 ounces,56 x 38 inches; packed: 8.25 x 6 x 4.25 in.
"Big Agnes
Tiger Wall UL2 Footprint",$70.00,5 ounces,86 x 52/42 (L x W head/foot) in.
"NEMO
Aurora Highrise 6P Footprint",$89.95,1 lb. 4 oz.,120 x 100 in.
"Mountain Hardwear
Nimbus UL 2 Tent Footprint",$60.00,6.1 ounces,84 x 50 in.
"REI Co-op
Trailmade 1 Tent Footprint",$29.95,83 x 31 in.,84 x 50 in.
"SOL
Sport Utility Poncho",$36.50,10.4 ounces,52 x 40 inches; packed: 8.75 x 8 in.
"Hennessy Hammock
Explorer Deluxe Asym Zip Hammock",$219.95,300 lbs.,52 x 40 inches; packed: 8.75 x 8 in.
"Hennessy Hammock
Ultralite Backpacker Asym Zip Hammock",$239.95,200 lbs.,52 x 40 inches; packed: 8.75 x 8 in.
"REI Co-op
Campwell 6 Footprint",$39.95,114.5 x 94.5 in.,52 x 40 inches; packed: 8.75 x 8 in.
"Mountain Hardwear
Strato UL 2 Tent",$359.73,2-person,2 lbs. 5.1 oz.
"NEMO
Dagger OSMO 2P Footprint",$69.95,7.4 ounces,88 x 50 in.
"SOL
Escape Bivy XL with Hood",$98.95,7.4 ounces,88 x 50 in.
"Exped
Widget Pump",$54.95,3.3 x 2.6 x 2.4 in.,6.7 ounces
"REI Co-op
Flash 2 Footprint",$59.95,6.4 ounces,82.5 x 46.5/36.5 (L x W head/foot) in.
"Big Agnes
Tiger Wall UL3 Footprint",$80.00,7 ounces,88 x 66/60 (L x W head/foot) in.
"Kelty
Daydreamer 6P Footprint",$34.95,1 lb. 4.8 oz.,116 x 103 in.
"ENO
SubLink Hammock Shelter System",$264.95,300 lbs.,116 x 103 in.
"Snow Peak
Land Nest Tarp Set",$389.95,14 x 12 x 7.9 feet,15 lbs. 14.4 oz.
"The North Face
Wawona Front Porch Vestibule",$138.93,4 lbs. 14 oz.,110 x 96 in.
"Hennessy Hammock
Explorer Ultralight Asym Zip Hammock",$269.95,250 lbs.,110 x 96 in.
"Neso
Sidelines Conversion Kit - Grande",$40.95,3 lbs. 12 oz.,110 x 96 in.
"NEMO
Dragonfly OSMO 2P Footprint",$69.95,7.8 ounces,88 x 50/45 (L x W head/foot) in.
"REI Co-op
Campwell 4 Footprint",$34.95,1 lb. 4.5 oz.,94.5 x 81.5 in.
"Snow Peak
Alpha Breeze Mat & Sheet Set",$286.95,Mat: 8.3 x 8.9 feet; sheet: 8.2 x 8.8 feet,5 lbs.
"SOL
Emergency Fire Blanket",$32.95,2 lbs. 4.1 oz.,70 x 47 in.
"Veer
Basecamp Bundle",$307.00,6 lbs.,16.7 sq. ft.
"MSR
Universal Footprint 3 Large",$64.95,12 ounces,83 x 69 in.
"Big Agnes
Copper Spur HV UL1 Bikepack Footprint",$80.00,6 ounces,84 x 34/24 (L x W head/foot) in.
"Coghlan's
Heavy-Duty Tent Stake - Package of 2",$9.95,13.9 ounces,84 x 34/24 (L x W head/foot) in.
"Big Agnes
Bunk House 6 Footprint",$70.00,1 lb. 9 oz.,118 x 100 in.
"REI Co-op
Half Dome 2 Plus Replacement Footprint",$44.95,10.1 ounces,86.5 x 50.5 in.
"Zempire
Aerospeed 6 Footprint HD",$100.00,2 lbs. 13 oz.,116 x 100 in.
"REI Co-op
Flash Air 2 Footprint",$49.95,6.1 ounces,82.5 x 46.5/36.5 (L x W head/foot) in.
"NEMO
Heliopolis Privacy Shelter and Shower Tent",$249.95,6.1 ounces,82.5 x 46.5/36.5 (L x W head/foot) in.
"REI Co-op
Flash Air 1 Footprint",$39.95,4.1 ounces,82.5 x 29.23/23.75 (L x W head/foot) in.
"Big Agnes
Copper Spur HV UL3 Bikepack Footprint",$100.00,11 ounces,86 x 66/58 (L x W head/foot) in.
"Snow Peak
Recta Tarp - Large",$464.95,216 x 172.8 in.,11 lbs.
"NEMO
Hornet OSMO 1P Footprint",$59.95,5.3 ounces,83 x 36/27 (L x W head/foot) in.
"Zempire
Monstapump Air Pump",$50.00,4.3 x 3.9 x 3.5 in.,1 lb. 3 oz.
"iKamper
Shoe Rack 3.0",$87.00,31 x 22.75 x 9.5 in.,1 lb. 3 oz.
"REI Co-op
Flash 3 Footprint",$69.95,9 ounces,82.5 x 64.5/58.5 (L x W head/foot) in.
"Kammok
Kuhli Pro Shelter",$199.95,4-person,1 lb. 10 oz.
"FLEXTAIL
Tiny Pump X 2024",$27.00,1.6 x 2.1 in.,1.66 ounces
"MSR
Universal Footprint 1",$48.95,5 ounces,83 x 28 in.
"REI Co-op
Half Dome SL 3+ Replacement Footprint",$49.95,84.5 x 72.5 in.,83 x 28 in.
"REI Co-op
Arete ASL 2 Footprint",$49.95,10 ounces,85 x 58 in.
"Zempire
Aerospeed 10 Footprint HD",$120.00,4 lbs. 2 oz.,150 x 126 in.
"NEMO
Dragonfly OSMO 3P Footprint",$79.95,9.6 ounces,88 x 70/65 (L x W head/foot) in.
"NEMO
Hornet OSMO 3P Footprint",$79.95,9.2 ounces,88 x 68/62 (L x W head/foot) in.
"Big Agnes
Fly Creek HV UL2 Bikepack Footprint",$75.00,7 ounces,107 x 48 x 38 in.
"Big Agnes
Copper Spur UL3 XL Footprint",$90.00,9 ounces,96 x 72 in.
"REI Co-op
Half Dome SL 2+ Replacement Footprint",$39.95,84.5 x 48.5 in.,96 x 72 in.
"REI Co-op
Half Dome 3 Replacement Footprint",$49.95,13.9 ounces,84.5 x 64.5 in.
"Coghlan's
Tent Peg - 6 in.",$0.75,0.3 ounces,84.5 x 64.5 in.
"Big Agnes
Crag Lake 3 Footprint",$70.00,9 ounces,84 x 62 in.
"NEMO
Dragonfly Bikepack OSMO 2P Footprint",$69.95,6.8 ounces,88 x 50/45 (L x W head/foot) in.
"Big Agnes
Salt Creek SL3 Footprint",$70.00,8 ounces,82 x 66 in.
"Big Agnes
Fly Creek UL2 Footprint",$75.00,5 ounces,86 x 52/42 (L x W head/foot) in.
"iKamper
Annex Plus 3.0 for Skycamp Roof-Top Tent",$935.00,28 lbs.,175 x 122 x 92 in.
"NEMO
Dragonfly OSMO 1P Footprint",$59.95,6.9 ounces,88 x 35/32 (L x W head/foot) in.
"Zempire
Aerospeed 4 Footprint HD",$80.00,2 lbs. 2 oz.,102 x 87 in.
"Big Agnes
Tiger Wall Platinum 2 Footprint",$70.00,5 ounces,86 x 52/42 (L x W head/foot) in.
"Big Agnes
Salt Creek SL2 Footprint",$60.00,5 ounces,86 x 54/42 (L x W head/foot) in.
"Thule
Anti-Condensation Mat - Large",$179.95,90.6 x 65.4 x 0.6 in.,7 lbs. 8 oz.
"Big Agnes
Crag Lake 2 Footprint",$60.00,7 ounces,82 x 48 in.
"Mountain Hardwear
Nimbus UL 1 Tent Footprint",$50.00,4.3 ounces,84 x 36 in.
"Yakima
SkyRise HD Annex",$479.00,8 lbs.,84 x 36 in.
"Snow Peak
Vault Mat and Sheet Starter Set",$169.95,4 lbs. 6.4 oz.,Mat: 112 x 86.6 in.; sheet: 112 x 82.6 in.
"Thule
Anti-Condensation Mat - Medium",$189.95,90.6 x 49.7 x 0.6 in.,6 lbs.
"Nite Ize
CamJam XT Aluminum Rope Tightener with Rope",$19.95,90.6 x 49.7 x 0.6 in.,6 lbs.
"Big Agnes
Gold Camp 3 Footprint",$50.00,1 lb.,86 x 86 in.
"NEMO
Dragonfly Bikepack OSMO 1P Footprint",$59.95,5.4 ounces,88 x 35/32 (L x W head/foot) in.
"Thule
Anti-Condensation Mat - Small",$149.95,78.7 x 41.7 x 0.6 in.,5 lbs. 4.7 oz. lbs.
"Coghlan's
ABS Tent Peg - 6""",$0.75,0.3 ounce,6 in.
"NEMO
Mayfly OSMO 2P Footprint",$69.95,6.6 ounces,85 x 51 in.
"Big Agnes
Gold Camp 5 Footprint",$60.00,1 lb. 8 oz.,109 x 109 in.
"Coghlan's
ABS Tent Peg - 9""",$0.95,0.9 ounce,109 x 109 in.
"Coghlan's
Ground Spike - 11 in.",$2.95,2.4 ounces,109 x 109 in.
"Mountain Hardwear
Trango 2 Footprint",$100.00,1 lb. 0.7 oz.,92 x 64 in.
"Big Agnes
Fly Creek UL1 Footprint",$65.00,4 ounces,86 x 38/28 (L x W head/foot) in.
"FLEXTAIL
Tiny Pump 2X",$32.00,1.8 x 2.3 in.,3.5 ounces
"Mountain Hardwear
Trango 4 Footprint",$120.00,1 lb. 6.6 oz.,96 x 94 in.
"Zempire
Aerospeed 6 Air Tent Speedbase 2 Link",$90.00,2 lbs. 12 oz.,96 x 94 in.
"NEMO
Mayfly OSMO 3P Footprint",$79.95,9 ounces,88 x 68 in.
"Zempire
Aerospeed 4 Air Tent Wall Set",$80.00,14 ounces,88 x 68 in.
"Mountain Hardwear
Trango 3 Footprint",$110.00,1 lb. 2.8 oz.,92 x 82 in.
"Zempire
Aerospeed 4 Air Tent Heat Shield",$80.00,1 lb. 3 oz.,92 x 82 in.
"Zempire
Evo TL V2 Roof Cover",$120.00,1 lb. 3 oz.,92 x 82 in.
"Zempire
Evo TL V2 Awning Wall Set",$170.00,9 lbs. 3 oz.,Packed: 26.8 x 5.5 x 5.5 in.
"Zempire
Aerospeed 6 Air Tent Heat Shield",$100.00,1 lb. 5 oz.,Packed: 26.8 x 5.5 x 5.5 in.
"Zempire
Evo TS V2 Air Tent Heat Shield",$80.00,2 lbs. 8 oz.,Packed: 26.8 x 5.5 x 5.5 in.
"NEMO
Kunai 2P Footprint",$69.95,7 ounces,82 x 50 in.
"Snow Peak
Recta Tarp Set - Large",$755.95,216 x 172.8 in.,29 lbs. 8 oz.
"Zempire
Aerospeed 10 Air Tent Speedbase 2 Link",$130.00,3 lbs. 3 oz.,29 lbs. 8 oz.
"Zempire
Aerospeed 4 Air Tent Speedbase 2 Link",$80.00,2 lbs. 7 oz.,29 lbs. 8 oz.
"Mountain Hardwear
Aspect 3 Footprint",$70.00,9.3 ounces,67 x 89 in.
"Zempire
Evo TM V2 Solid Groundsheet",$80.00,5 lbs. 10 oz.,243 x 69/112 in.
"Zempire
Evo TM/TS V2 Awning Wall Set",$140.00,8 lbs. 6 oz.,Packed: 26.8 x 5.1 x 5.1 in.
"Yakima
SkyRise SL Annex",$299.00,7 lbs. 8 oz.,Packed: 26.8 x 5.1 x 5.1 in.
"Mr. Heater
Portable Buddy Heater",$125.00,10.6 lbs.,14.25 x 9 x 15 in.
"Zempire
Aerospeed 10 Air Tent Wall Set",$100.00,1 lb. 5 oz.,14.25 x 9 x 15 in.
"Sea to Summit
Escapist Groundsheet",$59.95,5.8 ounces,87 x 47 in.
"The North Face
Trail Lite 3 Footprint",$50.00,10.2 ounces,85.8 x 59.8 in.
"Zempire
Pro TM V2 Air Tent Footprint",$100.00,6 lbs. 3 oz.,246 x 117/74 (rear/front) in.
"Mr. Heater
Little Buddy Heater",$99.00,5.85 lbs.,12 x 9.75 in.
"Zempire
Evo TL V2 Solid Groundsheet",$100.00,7 lbs. 15 oz.,291 x 84/134 in.
"Zempire
Evo TM V2 Roof Cover",$100.00,7 lbs. 15 oz.,291 x 84/134 in.
"NEMO
Kunai 3P Footprint",$79.95,11 ounces,85 x 84 in.
"Sea to Summit
Ikos TR2 BigFoot Footprint",$44.95,14.7 ounces,106.3 x 82.7 in.
"White Duck Outdoors
Regatta 10' Footprint",$70.00,3 lbs. 4 oz.,120 x 120 in.
"Zempire
Aerospeed 6 Air Tent Wall Set",$90.00,15.8 ounces,120 x 120 in.
"White Duck Outdoors
Regatta 13' Footprint",$85.00,5 lbs. 3 oz.,156 x 156 in.
"MSR
Universal Footprint 3",$56.95,11 ounces,82 x 63 in.
"Kovea
Powersense Heater",$164.95,3 lbs. 8 oz.,10 x 10 x 9 in.
"Zempire
Speedbase 2 Heat Shield Liner",$70.00,1 lb. 7 oz.,98 x 98 in.
"Sea to Summit
Telos TR2 Lightfoot Footprint",$44.95,7.8 ounces,84.5 x 53 x 43 in.
"Snow Peak
Takibi Octa Tarp",$777.95,200.4 x 177.6 in.,19 lbs. 9.6 oz.
"Mountain Hardwear
Strato UL 2 Footprint",$44.73,6.7 ounces,86 x 54/50 (L x W head/foot) in.
"Sea to Summit
Telos TR3 Lightfoot Footprint",$44.95,11.9 ounces,92.5 x 75 in.
"Sea to Summit
Alto TR2 Lightfoot Footprint",$36.95,7.8 ounces,84.5 x 53 x 38 in.
"Yakima
OverNOut 270 XL Full Wall Kit - RH",$479.00,19 lbs. 8 oz.,"3 wall panels: 237 x 90 x 0.25 inches, 122 x 90 x 0.25 inches, 253 x 90 x 0.25 in."
"Zempire
Speedbase 2 Deluxe Wall",$70.00,1 lb. 10 oz.,85 x 63 in.
"Sea to Summit
Ikos TR3 BigFoot Footprint",$51.95,1 lb. 5.2 oz.,145.7 x 86.6 in.
"Sea to Summit
Alto TR2 Bigfoot Footprint",$44.95,12.4 ounces,88.2 x 87.4 in.
"Zempire
Speedbase 2 Sleeping Pod",$280.00,3 lbs. 9.5 oz.,88.2 x 87.4 in.
"Yakima
OverNOut 270 XL Full Wall Kit - LH",$479.00,19 lbs. 8 oz.,"3 wall panels: 237 x 90 x 0.25 inches, 122 x 90 x 0.25 inches, 253 x 90 x 0.25 in."
"Sea to Summit
Alto TR1 Lightfoot Footprint",$36.95,6 ounces,89 x 44 in.
"Kovea
Cupid Heater",$124.95,3 lbs.,10.5 x 7 x 5.5 in.
"Yakima
OverNOut 180 Wall Kit",$379.00,14 lbs. 8 oz.,Individual wall panel: 137 x 90 x 0.25 inches; total: 411 x 90 x 0.25 in.
