title,views,posted
“Requests + BS4” but for 2025,5.3K views,3 weeks ago
What’s next? Channel update (not quitting!),2.8K views,1 month ago
The Harsh Truth of Web Scraping in 2025,21K views,1 month ago
How I use Scrapy And Proxies to scrape Geo restricted sites,2.3K views,2 months ago
The library that will save your scrapers.,2.2K views,2 months ago
How I Write Web Scrapers w/ Python,7.6K views,2 months ago
Where AI ACTUALLY belongs in Web Scraping,2.5K views,2 months ago
the web scraping trap that breaks beginners (and the easy fix),5.4K views,3 months ago
Using Browser Cookies & Headers to Scrape Data,6.2K views,3 months ago
You Don't NEED AI to Scrape Data (it's simple do this),17K views,4 months ago
Your Web Scraper is Useless Without This,4K views,4 months ago
Stop reinventing the web scraping wheel,5K views,4 months ago
Why Websites Structure their data like THIS,4K views,4 months ago
Actionable Advice for Beginner Web Scraping,3.6K views,5 months ago
Look here FIRST when trying to Scrape Data,6.4K views,5 months ago
The BEST Web Scraping Method I Teach Beginners,9.3K views,5 months ago
Try this Web Scraping Project with Mongodb (Code Along),4.8K views,5 months ago
Simple Effective Data Extraction (for Python Devs),4.7K views,6 months ago
Scrape more with this simple change,8.9K views,7 months ago
Should I have used this Web Scraping Technique?,6.6K views,7 months ago
Selenium Web Scraping is too Slow. Try This.,16K views,7 months ago
Stop Using Selenium or Playwright for Web Scraping,34K views,7 months ago
Search engine bots use this to index (so can we),3.2K views,7 months ago
"They know you're using Browser Automation, so try this.",11K views,8 months ago
This Simple String Blocks Your Web Scrapers,36K views,8 months ago
This is How I Scrape 99% of Sites,305K views,9 months ago
Learning Scraping is MUCH harder now.,9.2K views,9 months ago
How To Use Proxies with Python (requests + playwright),6.1K views,9 months ago
How to Scrape Data for Market Research (full project),10K views,9 months ago
The Easiest Way to Avoid Being Blocked When Web Scraping,14K views,10 months ago
